{
  "0": {
    "precision": 0.49063670411985016,
    "recall": 0.8447979363714532,
    "f1-score": 0.6207550150055283,
    "support": 2326.0
  },
  "1": {
    "precision": 0.898338496198254,
    "recall": 0.609942638623327,
    "f1-score": 0.7265687279353149,
    "support": 5230.0
  },
  "accuracy": 0.6822392800423505,
  "macro avg": {
    "precision": 0.6944876001590521,
    "recall": 0.7273702874973901,
    "f1-score": 0.6736618714704217,
    "support": 7556.0
  },
  "weighted avg": {
    "precision": 0.7728336830200688,
    "recall": 0.6822392800423505,
    "f1-score": 0.6939955812605288,
    "support": 7556.0
  }
}