{
  "0": {
    "precision": 0.7489818585708997,
    "recall": 0.8693596905887409,
    "f1-score": 0.8046937151949085,
    "support": 2327.0
  },
  "1": {
    "precision": 0.9373841400617919,
    "recall": 0.8703384968445209,
    "f1-score": 0.9026180087266957,
    "support": 5229.0
  },
  "accuracy": 0.8700370566437269,
  "macro avg": {
    "precision": 0.8431829993163458,
    "recall": 0.8698490937166309,
    "f1-score": 0.8536558619608021,
    "support": 7556.0
  },
  "weighted avg": {
    "precision": 0.8793624210266799,
    "recall": 0.8700370566437269,
    "f1-score": 0.8724605403507735,
    "support": 7556.0
  }
}