{
  "0": {
    "precision": 0.630098452883263,
    "recall": 0.9626128061882252,
    "f1-score": 0.7616456987419246,
    "support": 2327.0
  },
  "1": {
    "precision": 0.9782554361409648,
    "recall": 0.7485178810480015,
    "f1-score": 0.848104008667389,
    "support": 5229.0
  },
  "accuracy": 0.8144520910534675,
  "macro avg": {
    "precision": 0.8041769445121139,
    "recall": 0.8555653436181134,
    "f1-score": 0.8048748537046568,
    "support": 7556.0
  },
  "weighted avg": {
    "precision": 0.871034512366392,
    "recall": 0.8144520910534675,
    "f1-score": 0.8214776869103012,
    "support": 7556.0
  }
}