{
  "logreg": {
    "report": {
      "0": {
        "precision": 0.630098452883263,
        "recall": 0.9626128061882252,
        "f1-score": 0.7616456987419246,
        "support": 2327.0
      },
      "1": {
        "precision": 0.9782554361409648,
        "recall": 0.7485178810480015,
        "f1-score": 0.848104008667389,
        "support": 5229.0
      },
      "accuracy": 0.8144520910534675,
      "macro avg": {
        "precision": 0.8041769445121139,
        "recall": 0.8555653436181134,
        "f1-score": 0.8048748537046568,
        "support": 7556.0
      },
      "weighted avg": {
        "precision": 0.871034512366392,
        "recall": 0.8144520910534675,
        "f1-score": 0.8214776869103012,
        "support": 7556.0
      }
    },
    "confusion_matrix": [
      [
        2240,
        87
      ],
      [
        1315,
        3914
      ]
    ]
  },
  "nb": {
    "report": {
      "0": {
        "precision": 0.46115338406087303,
        "recall": 0.989686291362269,
        "f1-score": 0.6291490233574648,
        "support": 2327.0
      },
      "1": {
        "precision": 0.990632318501171,
        "recall": 0.4853700516351119,
        "f1-score": 0.6515209857527917,
        "support": 5229.0
      },
      "accuracy": 0.6406829010058231,
      "macro avg": {
        "precision": 0.725892851281022,
        "recall": 0.7375281714986904,
        "f1-score": 0.6403350045551283,
        "support": 7556.0
      },
      "weighted avg": {
        "precision": 0.8275701850386811,
        "recall": 0.6406829010058231,
        "f1-score": 0.6446311556186036,
        "support": 7556.0
      }
    },
    "confusion_matrix": [
      [
        2303,
        24
      ],
      [
        2691,
        2538
      ]
    ]
  },
  "rf": {
    "report": {
      "0": {
        "precision": 0.6989026063100137,
        "recall": 0.8758057584873228,
        "f1-score": 0.7774175090596986,
        "support": 2327.0
      },
      "1": {
        "precision": 0.9377155172413794,
        "recall": 0.8320902658252056,
        "f1-score": 0.8817509372783463,
        "support": 5229.0
      },
      "accuracy": 0.8455532027527792,
      "macro avg": {
        "precision": 0.8183090617756965,
        "recall": 0.8539480121562641,
        "f1-score": 0.8295842231690225,
        "support": 7556.0
      },
      "weighted avg": {
        "precision": 0.8641689788960527,
        "recall": 0.8455532027527792,
        "f1-score": 0.8496196657769179,
        "support": 7556.0
      }
    },
    "confusion_matrix": [
      [
        2038,
        289
      ],
      [
        878,
        4351
      ]
    ]
  }
}