{
  "logreg": {
    "report": {
      "0": {
        "precision": 0.49063670411985016,
        "recall": 0.8447979363714532,
        "f1-score": 0.6207550150055283,
        "support": 2326.0
      },
      "1": {
        "precision": 0.898338496198254,
        "recall": 0.609942638623327,
        "f1-score": 0.7265687279353149,
        "support": 5230.0
      },
      "accuracy": 0.6822392800423505,
      "macro avg": {
        "precision": 0.6944876001590521,
        "recall": 0.7273702874973901,
        "f1-score": 0.6736618714704217,
        "support": 7556.0
      },
      "weighted avg": {
        "precision": 0.7728336830200688,
        "recall": 0.6822392800423505,
        "f1-score": 0.6939955812605288,
        "support": 7556.0
      }
    },
    "confusion_matrix": [
      [
        1965,
        361
      ],
      [
        2040,
        3190
      ]
    ]
  },
  "nb": {
    "report": {
      "0": {
        "precision": 0.47319912684938154,
        "recall": 0.8387790197764402,
        "f1-score": 0.6050550472941542,
        "support": 2326.0
      },
      "1": {
        "precision": 0.8907660937955141,
        "recall": 0.5847036328871893,
        "f1-score": 0.705990996190696,
        "support": 5230.0
      },
      "accuracy": 0.662916887241927,
      "macro avg": {
        "precision": 0.6819826103224478,
        "recall": 0.7117413263318147,
        "f1-score": 0.655523021742425,
        "support": 7556.0
      },
      "weighted avg": {
        "precision": 0.7622244361569879,
        "recall": 0.662916887241927,
        "f1-score": 0.6749193951936928,
        "support": 7556.0
      }
    },
    "confusion_matrix": [
      [
        1951,
        375
      ],
      [
        2172,
        3058
      ]
    ]
  },
  "rf": {
    "report": {
      "0": {
        "precision": 0.4698072805139186,
        "recall": 0.4716251074806535,
        "f1-score": 0.4707144389615962,
        "support": 2326.0
      },
      "1": {
        "precision": 0.7646044819000192,
        "recall": 0.7632887189292543,
        "f1-score": 0.7639460338723567,
        "support": 5230.0
      },
      "accuracy": 0.6735044997353097,
      "macro avg": {
        "precision": 0.617205881206969,
        "recall": 0.6174569132049539,
        "f1-score": 0.6173302364169765,
        "support": 7556.0
      },
      "weighted avg": {
        "precision": 0.6738556345702057,
        "recall": 0.6735044997353097,
        "f1-score": 0.673679134750807,
        "support": 7556.0
      }
    },
    "confusion_matrix": [
      [
        1097,
        1229
      ],
      [
        1238,
        3992
      ]
    ]
  }
}