{
  "0": {
    "precision": 0.46115338406087303,
    "recall": 0.989686291362269,
    "f1-score": 0.6291490233574648,
    "support": 2327.0
  },
  "1": {
    "precision": 0.990632318501171,
    "recall": 0.4853700516351119,
    "f1-score": 0.6515209857527917,
    "support": 5229.0
  },
  "accuracy": 0.6406829010058231,
  "macro avg": {
    "precision": 0.725892851281022,
    "recall": 0.7375281714986904,
    "f1-score": 0.6403350045551283,
    "support": 7556.0
  },
  "weighted avg": {
    "precision": 0.8275701850386811,
    "recall": 0.6406829010058231,
    "f1-score": 0.6446311556186036,
    "support": 7556.0
  }
}