{
  "0": {
    "precision": 0.4830343635184785,
    "recall": 0.9604641168886979,
    "f1-score": 0.642795513373598,
    "support": 2327.0
  },
  "1": {
    "precision": 0.9685899624445203,
    "recall": 0.5425511570089884,
    "f1-score": 0.6955136062760481,
    "support": 5229.0
  },
  "accuracy": 0.6712546320804659,
  "macro avg": {
    "precision": 0.7258121629814994,
    "recall": 0.7515076369488431,
    "f1-score": 0.669154559824823,
    "support": 7556.0
  },
  "weighted avg": {
    "precision": 0.8190547746863281,
    "recall": 0.6712546320804659,
    "f1-score": 0.6792781639541845,
    "support": 7556.0
  }
}