{
  "0": {
    "precision": 0.47319912684938154,
    "recall": 0.8387790197764402,
    "f1-score": 0.6050550472941542,
    "support": 2326.0
  },
  "1": {
    "precision": 0.8907660937955141,
    "recall": 0.5847036328871893,
    "f1-score": 0.705990996190696,
    "support": 5230.0
  },
  "accuracy": 0.662916887241927,
  "macro avg": {
    "precision": 0.6819826103224478,
    "recall": 0.7117413263318147,
    "f1-score": 0.655523021742425,
    "support": 7556.0
  },
  "weighted avg": {
    "precision": 0.7622244361569879,
    "recall": 0.662916887241927,
    "f1-score": 0.6749193951936928,
    "support": 7556.0
  }
}