{
  "0": {
    "precision": 0.4698072805139186,
    "recall": 0.4716251074806535,
    "f1-score": 0.4707144389615962,
    "support": 2326.0
  },
  "1": {
    "precision": 0.7646044819000192,
    "recall": 0.7632887189292543,
    "f1-score": 0.7639460338723567,
    "support": 5230.0
  },
  "accuracy": 0.6735044997353097,
  "macro avg": {
    "precision": 0.617205881206969,
    "recall": 0.6174569132049539,
    "f1-score": 0.6173302364169765,
    "support": 7556.0
  },
  "weighted avg": {
    "precision": 0.6738556345702057,
    "recall": 0.6735044997353097,
    "f1-score": 0.673679134750807,
    "support": 7556.0
  }
}