{
  "0": {
    "precision": 0.6989026063100137,
    "recall": 0.8758057584873228,
    "f1-score": 0.7774175090596986,
    "support": 2327.0
  },
  "1": {
    "precision": 0.9377155172413794,
    "recall": 0.8320902658252056,
    "f1-score": 0.8817509372783463,
    "support": 5229.0
  },
  "accuracy": 0.8455532027527792,
  "macro avg": {
    "precision": 0.8183090617756965,
    "recall": 0.8539480121562641,
    "f1-score": 0.8295842231690225,
    "support": 7556.0
  },
  "weighted avg": {
    "precision": 0.8641689788960527,
    "recall": 0.8455532027527792,
    "f1-score": 0.8496196657769179,
    "support": 7556.0
  }
}